feat1,feat2,feat3,feat4,feat5,feat6,feat7,feat8,feat9,feat10,feat11,feat12,feat13,feat14,feat15,feat16,feat17,feat18,feat19,feat20,feat21,feat22,feat23,feat24,feat25,feat26,feat27,feat28,feat29,feat30,feat31,feat32,feat33,feat34,feat35,feat36,feat37,feat38,feat39,feat40,feat41,feat42,feat43,feat44,feat45,feat46,feat47,feat48,feat49,feat50,feat51,feat52,feat53,feat54,feat55,feat56,feat57,feat58,feat59,feat60,feat61,feat62,feat63,feat64,feat65,feat66,feat67,feat68,feat69,feat70,label
-0.04273901879787445,0.00113113468978554,0.042554520070552826,-0.0898238942027092,-0.03435935080051422,-0.11449889838695526,0.04648520052433014,-0.09015381336212158,0.08378768712282181,-0.03794935718178749,-0.07229579240083694,0.047452181577682495,0.054871413856744766,0.083304762840271,0.04152028262615204,0.0194555651396513,0.10762810707092285,0.047280002385377884,-0.11666711419820786,-0.09063553810119629,-0.0031088320538401604,-0.06627785414457321,0.04693305119872093,-0.031979795545339584,-0.023573337122797966,0.11406790465116501,0.0713026151061058,-0.03505665063858032,-0.03361419588327408,-0.11635466665029526,0.007101762108504772,-0.004427729640156031,0.07352912425994873,0.029244933277368546,0.039289988577365875,-0.10552290081977844,0.04067569598555565,0.007760585285723209,0.06842578202486038,0.11451177299022675,0.08450685441493988,-0.1170954555273056,0.09333621710538864,0.00799042358994484,-0.07435064017772675,-0.07077949494123459,-0.023839620873332024,-0.08078541606664658,0.0954403206706047,0.044553473591804504,-0.05579192191362381,-0.11264003068208694,-0.119331493973732,0.01989573985338211,0.009261572733521461,0.10175267606973648,0.11970129609107971,0.05104515701532364,-0.004936987534165382,-0.0908598005771637,0.047415733337402344,0.06561453640460968,0.011837325990200043,-0.012799321673810482,0.07774830609560013,0.09710574150085449,0.001685932045802474,-0.0856475979089737,0.07226978987455368,0.11601922661066055,temp.apk
